question,metadata
Should I get the whooping cough vaccine while pregnant?,"{'original_question': 'Should I get the whooping cough vaccine while pregnant?', 'subreddit': 'beyondthebump', 'post_id': '8y10tw'}"
Is it okay to move my baby out of my bedroom before 6 months?,"{'original_question': 'Is it okay for baby to move them out of your bedroom before 6 months?', 'subreddit': 'NewParents', 'post_id': 'rwnxxb'}"
Should I lay my 4-month-old baby down on his stomach for naps even though he hasn't rolled over yet?,"{'original_question': 'should I lay my baby down on his stomach for naps although he hasn’t rolled over yet?', 'subreddit': 'beyondthebump', 'post_id': 'zxx5vw'}"
How much formula is too much for my 4-week-old baby?,"{'original_question': 'How much formula is too much?', 'subreddit': 'beyondthebump', 'post_id': '7tmlbg'}"
Is it harmful for my baby's ears if I vacuum while wearing her?,"{'original_question': 'Is it harmful to vacuum with baby?', 'subreddit': 'beyondthebump', 'post_id': '5600ko'}"
How can I determine how many weeks pregnant I am if I don't have a regular cycle?,"{'original_question': 'How many weeks am I if I don’t have a regular cycle?', 'subreddit': 'BabyBumps', 'post_id': 'hgtwxb'}"
How long should I let my 5.5 week old sleep between feeds?,"{'original_question': 'How long to leave 5.5 week old to sleep between feeds?', 'subreddit': 'NewParents', 'post_id': 'iq05ba'}"
How warm is too warm for a nursery?,"{'original_question': 'How warm is too warm for a nursery?', 'subreddit': 'NewParents', 'post_id': 'ney4m5'}"
Should I start rice cereal for my 4 month old baby?,"{'original_question': 'Should I start rice cereal?', 'subreddit': 'breastfeeding', 'post_id': '72xr10'}"
When is it safe to start dieting and exercising while breastfeeding?,"{'original_question': 'When is it safe to start dieting/exercising PP, and breast feeding?', 'subreddit': 'beyondthebump', 'post_id': '334bi9'}"
Is it okay to delay my anatomy scan until my health coverage begins at 23 weeks?,"{'original_question': 'Is it okay to push back my anatomy scan?', 'subreddit': 'BabyBumps', 'post_id': 'hp10dy'}"
How can I maintain my milk supply while fasting and breastfeeding during Ramadan?,"{'original_question': 'How to keep supply up while fasting and breastfeeding?', 'subreddit': 'breastfeeding', 'post_id': 'tcvu1s'}"
Can they determine the gender on ultrasound at 19 weeks?,"{'original_question': 'Can they determine the gender on ultrasound at 19 weeks?', 'subreddit': 'BabyBumps', 'post_id': '7f1vhe'}"
Can negative emotions during pregnancy cause serious harm to my baby leading to a miscarriage or stillbirth? ,"{'original_question': 'Can negative emotions cause a miscarriage?', 'subreddit': 'BabyBumps', 'post_id': 'm3bxmh'}"
Can the quality of breast milk be affected by the mother's diet?,"{'original_question': ""Can breast milk be bad quality based on the mother's diet?"", 'subreddit': 'breastfeeding', 'post_id': 'jwouoi'}"
Is it safe to give my breastmilk if I have sepsis?,"{'original_question': 'Is my breastmilk OK to give if I have sepsis?', 'subreddit': 'breastfeeding', 'post_id': '52qwgl'}"
When is it safe for my baby to be around unvaccinated relatives?,"{'original_question': 'When is it safe for the baby to be around unvaccinated relatives?', 'subreddit': 'BabyBumps', 'post_id': '7r5ajj'}"
Is it normal to not want to hold my baby?,"{'original_question': ""is it normal that I don't want to hold my baby?"", 'subreddit': 'beyondthebump', 'post_id': 'x5aozg'}"
Is there any benefit to getting a carrier screening if you're already pregnant?,"{'original_question': ""Is there any point of carrier screening if you're already pregnant?"", 'subreddit': 'BabyBumps', 'post_id': 'ds7y51'}"
Why isn't my baby hungry?,"{'original_question': ""Why isn't she hungry?"", 'subreddit': 'Mommit', 'post_id': 'x6hei'}"
Should I wait until after my baby arrives to get a breast pump?,"{'original_question': 'When to get a breast pump?', 'subreddit': 'breastfeeding', 'post_id': 'ukd1qw'}"
Is it harmful to wait 12 weeks for the first prenatal appointment?,"{'original_question': 'Is 12 weeks too long to wait for the first prenatal appointment?', 'subreddit': 'BabyBumps', 'post_id': 'y0e3bv'}"
What medications should I bring to the hospital for my induction?,"{'original_question': 'what meds to bring to the hospital?', 'subreddit': 'BabyBumps', 'post_id': 'vrioil'}"
What temperature is considered serious enough to call the doctor for my 13-week-old baby?,"{'original_question': 'What temperature is considered ""call the doctor"" serious?', 'subreddit': 'beyondthebump', 'post_id': '4x5jce'}"
When is it appropriate to leave my 16 month old in the car for quick errands?,"{'original_question': 'When is it appropriate to Leave Baby in the Car?', 'subreddit': 'Mommit', 'post_id': '14o2lu'}"
How long can I safely let my 3-week-old baby cry without causing emotional trauma?,"{'original_question': 'How long can I safely let my baby cry (3 weeks) without causing him emotional trauma and damage?', 'subreddit': 'beyondthebump', 'post_id': 'yg6dwa'}"
Does what a breastfeeding mother eats affect the baby?,"{'original_question': 'Is that true that what breastfeeding mother eats has reaction to the baby?', 'subreddit': 'beyondthebump', 'post_id': 'sa90zf'}"
Is it possible to temporarily stall weight gain during pregnancy in a healthy way?,"{'original_question': 'Is it possible to stall weight gain (in a healthy way) for a few weeks?', 'subreddit': 'BabyBumps', 'post_id': '7ajrwb'}"
Will my milk supply be affected if my baby doesn't feed from 12am to 4am?,"{'original_question': ""Will I hurt my supply if baby doesn't feed from 12am to 4am?"", 'subreddit': 'breastfeeding', 'post_id': '3iiln1'}"
Is there a relationship between the severity of period pains and the severity of contractions during labor?,"{'original_question': 'Is there a relationship between the severity of someone’s period pains and their labour pains?', 'subreddit': 'BabyBumps', 'post_id': 'rje5z0'}"
Is it difficult for a preemie to nurse?,"{'original_question': 'Is it hard for a preemie to nurse?', 'subreddit': 'breastfeeding', 'post_id': '2i25va'}"
When is it safe to start trying to conceive after giving birth?,"{'original_question': 'When is it safe to start trying to conceive your next child?', 'subreddit': 'beyondthebump', 'post_id': 'nz4ygc'}"
How much do newborns eat in the first couple of days and should I give them water?,"{'original_question': 'How much do NB eat in the first couple days? And do you give babies water?', 'subreddit': 'breastfeeding', 'post_id': '40y5wv'}"
How to avoid pressure to breastfeed while in the hospital?,"{'original_question': 'How to stop pressure to breastfeed while in hospital?', 'subreddit': 'BabyBumps', 'post_id': 'f9zz0w'}"
Is it possible to breastfeed if I have a maternal dairy allergy?,"{'original_question': 'Is breastfeeding possible w/ a maternal dairy allergy?', 'subreddit': 'breastfeeding', 'post_id': 'v7iclr'}"
Could my Haakaa be causing digestive problems in my 9 week old?,"{'original_question': 'Could my Haakaa be causing digestive problems in my 9 week old?', 'subreddit': 'breastfeeding', 'post_id': 'gyl9y4'}"
What's the purpose of a pelvic exam during a postnatal appointment if I had a c-section?,"{'original_question': 'What’s the reason for a pelvic exam during a postnatal appointment if I had a c section?', 'subreddit': 'beyondthebump', 'post_id': 'n3cfhi'}"
How many ounces of breast milk should I be pumping at 2 weeks postpartum?,"{'original_question': 'How many ounces of breast milk should I be pumping?', 'subreddit': 'beyondthebump', 'post_id': 'sxky4a'}"
When is it safe to have sex after a third degree episiotomy?,"{'original_question': 'When to have sex after episiotomy?', 'subreddit': 'BabyBumps', 'post_id': '9neoza'}"
How do I clean my baby girl's privates in the bath?,"{'original_question': 'How to clean baby girl’s privates in bath?', 'subreddit': 'NewParents', 'post_id': 'x9nsqc'}"
When will my hair loss stop?,"{'original_question': 'When will hair loss stop?', 'subreddit': 'beyondthebump', 'post_id': '205c61'}"
Should I opt for an induction or wait for my body to go into labor naturally?,"{'original_question': 'Should I do an induction or let my body go into labor naturally?', 'subreddit': 'BabyBumps', 'post_id': 'fdko0i'}"
How can I ease anxiety during pregnancy?,"{'original_question': 'How to ease anxiety during pregnancy?', 'subreddit': 'BabyBumps', 'post_id': 'w9p96c'}"
How to wean my 13 month old off night feedings?,"{'original_question': 'How to wean off night feedings?', 'subreddit': 'breastfeeding', 'post_id': 'iht37'}"
How big of a risk is co-sleeping?,"{'original_question': 'How big of a risk is co-sleeping?', 'subreddit': 'beyondthebump', 'post_id': 'tr4mhh'}"
Is it okay to use nipple shields while breastfeeding to help with pain and sensory issues? ,"{'original_question': 'Is it ok to use nipple shields while breastfeeding?', 'subreddit': 'BabyBumps', 'post_id': 'shzqdp'}"
Is engorgement a good indicator of your breast milk supply?,"{'original_question': 'Is engorgement, or lack thereof, a good indicator of your supply?', 'subreddit': 'breastfeeding', 'post_id': '5o5wpm'}"
Is there a way to prevent IUGR in future pregnancies?,"{'original_question': 'Is there a way to prevent IUGR in a future pregnancy?', 'subreddit': 'BabyBumps', 'post_id': 'xa18ru'}"
When can you start giving baby blankets in bed?,"{'original_question': 'When can you start giving baby blankets in bed?', 'subreddit': 'NewParents', 'post_id': 'qlkspr'}"
What are some small harmless ways to induce labor at home?,"{'original_question': 'What are some small harmless ways to induce labour at home?', 'subreddit': 'BabyBumps', 'post_id': '3t2dfr'}"
